;----------------------------------------------,
;手,
10,乳揉み
11,乳搾り
12,乳首つまみ
13,Ｃ愛撫
14,Ｖ指挿れ
15,Ａ指挿れ
16,尻撫で
17,乳撫で
18,くすぐり
19,お腹撫で


;----------------------------------------------,
;口,
20,乳吸い
21,乳首しゃぶり
22,キス
23,Ｃ舐め
24,Ｖ舐め
25,Ａ舐め
26,乳舐め
27,耳舐め
28,腋舐め
29,頬舐め

;----------------------------------------------,
;Ｖ挿入,
30,正常位
31,後背位
32,対面座位
33,背面座位
34,騎乗位
35,対面立位
36,背面立位
37,強制騎乗位

;--------------------------------------------------,
;Ａ挿入,
40,Ａ正常位
41,Ａ後背位
42,Ａ対面座位
43,Ａ背面座位
44,Ａ騎乗位
45,Ａ対面立位
46,Ａ背面立位
47,強制Ａ騎乗位

;--------------------------------------------------,
;他部位ちんぽ,
50,素股
51,フェラチオ
52,イラマチオ
53,パイズリ
54,強制パイズリ
55,縦パイズリ
56,強制縦パイズリ
57,手コキ
58,授乳手コキ

;----------------------------------------------,
;道具,
60,家畜用搾乳器
61,魔動快楽搾乳器
62,触手快楽搾乳器
63,小型霊力抽出装置

;----------------------------------------------,
;苦痛系,
70,スパンキング

;----------------------------------------------,
;触手,
100,触手乳揉み
101,触手乳搾り
102,乳包み花弁搾乳触手
103,透明カップ搾乳触手
104,搾乳ワーム触手
105,触手Ｖ挿入
106,触手Ａ挿入
107,触手強制パイズリ
108,触手フェラチオ
109,触手イラマチオ
110,ブラシ触手
;111,触手拘束
112,触手目隠し
113,触手クリ吸い
114,触手耳姦
115,触手強制手コキ
116,吸引搾乳触手
117,乳腺侵入触手


;----------------------------------------------,
;マッサージ,
150,育乳マッサージ
151,濃厚母乳マッサージ
152,ミルクタンクマッサージ

;----------------------------------------------,
;アイテムIDと連動,
	;200,ローション
201,バイブ
202,アナルバイブ
203,乳首ローター
204,クリローター
205,乳首吸引器
206,クリ吸引器
207,アイマスク
208,口枷
209,ボールギャグ
	;210,ＳＭ用荒縄
	;211,媚薬
212,強制開口器

250,ローション
251,媚薬
252,コンドーム
253,精力剤

290,Ｖローション
291,Ａローション
292,Ｂローション

;肉体改造,
;だいたい直接来ない部分なのでコメントアウト多い
;TRAINNAME:SELECTCOMで指定してるのでTRAINがコメントアウトしてると困るんだった

502,淫紋付与
503,苦痛快楽変換
504,ペニス変化
505,時間圧縮

;エキス系は注射でまとめてるのでコメントアウトで可
	;544,母乳体質化エキス
	;545,魔力母乳体質化エキス
	;546,膨乳改造エキス
	;547,淫乳改造エキス
	;548,母乳濃厚化エキス
	;549,感度上昇粘液
550,媚薬粘液

580,洗脳触手
581,絶頂体力回復淫紋付与
582,絶頂魔力回復淫紋付与


;----------------------------------------------,
;投薬・特殊魔術の入り口がこっちにあるほうが便利
;名前変更
800,肉体改造
801,淫紋付与

;810～814　感度上昇薬　コマンド実行回数を記録するのでこんなところに置く
;820～824　感度上昇粘液　同じく

;引き抜きや搾乳器外しをここに統合
890,ペニス引き抜き
891,搾乳器取り外し
892,搾乳触手外し
893,胸汚れ拭き取り
	;894,乳責め触手外し
895,コンドーム外し

;派生系は下のほう,
900,ピストン
901,乳揉み吸い
902,母乳吸い尽くし
903,直飲み触手複合搾乳
904,ペニス躾（呼び方変更）
905,霊力注入
906,魔力注入
907,奉仕させる

910,魔力吸い尽くし


