;画像表示用のファイルだよ
;こっち側はキャラ作成ほど難しくないはずなので気軽に行ってみよう
;ほんとは画像のどこからどこまで使うとかの記述もあるけどとりあえず気にしなくていいよ

;設定でのサンプル表示用の記述
SAMPLE_IMAGE,sample.png

;resourcesフォルダに[出典作品名]のフォルダを作るかそのまま直下に入れて使います
;.pngファイルだけ対応になりました　他もやろうとすると記述が膨大になっちゃいそう
;キャラクターの[識別名]と状況別、状態別の画像を用意します
;画像はどこかから引っ張ってきてだいたい200×200くらいの縦横ピクセルが同じ顔グラに切り取りましょう
;公式画像を配布物に同梱するのは…やめようね！

;このcsvファイルに書く必要がなくなりました　ハードルが下がったり配布しやすくなってればいいな
;代わりに[識別名]と[出典作品名]が必要になりました
;オリジナルは[オリジナル]とか書いておけばいいんじゃないかな

;状況：[ステータス]、[調教待機]、[調教実行]、[パイズリ]、[奉仕]の5パターン
;状態：[完堕ち]、[崩壊]、[恋慕]、[反抗]、[通常]の5パターン
;ただし用意されていなければ自動で優先度低い画像が使われるので最低限[通常]があればOKです
;全部用意しようとすると25だけど画像置換のフラグONなら
;調教待機画面をステータス画面画像で置換、パイズリと奉仕実行を調教実行画像で置換されます

;なので表示ある場所で出しておきたいなら
;[出典作品名]フォルダに[識別名]_[ステータス]_[通常].pngと[識別名]_[調教実行]_[通常].pngを用意する、
;またはresources直下に置けばそれで準備完了です
;直下に置いたら当然同姓同名のキャラと競合するのでご注意を

;表示方法実行に伴い「アルファベットだとわかりにくさあるし漢字カナ表記でいいか」になりました
;文字化けには気をつけてね
;実際のファイル名は[]を外してね　フォルダ名：出典作品名→識別名_状況_状態　になります

;ステータス：そのままステータス画面で表示される顔グラ
;調教待機：コマンドを選ぶ画面で表示される　怯え顔や発情顔だと捗るね
;調教実行：コマンド実行後に表示される　ヤられ顔だと捗るね
;パイズリ：パイズリコマンドだとこちらが優先表示される　標準仕様だと分類やバストサイズには対応しないよ、ごめんね
;奉仕：ほか奉仕コマンド実行だとこちらが優先表示される　フェラ・素股・手コキ・（強制でない）騎乗位

